0,1,2,3,4,5,6,7,8,9,10,11,12,13,14,15,16,17,18,19,20,21,22,23,24,25,26,27,28,29,30,31
0.0,0.060905367855864444,0.1496189360796101,0.27626593812821637,0.2827093303796411,0.05226209035614872,0.27655497705709464,0.07320875896585025,0.07501546507973873,0.10950873080354145,0.27550499654012706,0.12686491920447343,0.31846773072243006,0.1668668716053422,0.2863722132091734,0.2600493836247064,0.2506251705068863,0.08393868955572616,0.05336810289780231,0.24943192420475996,0.2934321023822339,0.19552738052025612,0.278659963377432,0.27561419102982315,0.1469127108136779,0.1600491902339726,0.21421330731915764,0.21180648754929643,0.2976424435926927,0.3522528333737112,0.28722255790257323,0.2716501685291842
0.060905367855864444,0.0,0.43922104256909894,0.06962238146724196,0.06041946489724899,0.6004535428974296,0.06138817631883288,0.6155153303262896,0.5988707784970873,0.48866709053059065,0.06089926457059556,0.4722213154321504,0.2560739070050044,0.34940482256391503,0.05942159432110105,0.07592982573751768,0.11730609721980267,0.5886381679924079,0.3362542976537663,0.2544475332109994,0.2635482350138312,0.4033230805674816,0.06052425653631628,0.07168226074040969,0.38443065522983355,0.41118360412632343,0.35449004925323774,0.19452222215414522,0.06455740768755658,0.1706749148313279,0.06124016418142663,0.06004804899557709
0.1496189360796101,0.43922104256909894,0.0,0.1583541093410569,0.15140871176431042,0.491714118183523,0.14990049358388516,0.4815449634713522,0.4452827130572706,0.41452112710079575,0.14929153283030583,0.43421220847170744,0.3005059381275226,0.3766900019470891,0.15047047049459256,0.16189263293132689,0.20137964076838666,0.48416934348060586,0.31146268039713126,0.28379676192279024,0.32361143100800316,0.38429083882424264,0.1496054128206193,0.16206790710518595,0.3687331358727219,0.4353575493741286,0.3324506672379238,0.22986641808239092,0.1594476862433418,0.25019128690493586,0.15376628491986236,0.1469182380054037
0.27626593812821637,0.06962238146724196,0.1583541093410569,0.0,0.28040150059458546,0.06123194426221921,0.27451715472070426,0.0829712014606169,0.08511262090411434,0.11810862174525996,0.2735343314125037,0.13543306748004555,0.3176500353497448,0.17472059315461672,0.2836916501564748,0.25989591956782254,0.25265033599428577,0.09307077399164684,0.06148922602606619,0.2539931855848073,0.2941018608897611,0.20243577287765552,0.27641875176783415,0.2741935959794569,0.15460189386808457,0.16798727388373827,0.21955386072642832,0.21663415686045562,0.29493293263553794,0.34753072597181706,0.2846937480383415,0.2697730166019788
0.2827093303796411,0.06041946489724899,0.15140871176431042,0.28040150059458546,0.0,0.0528368936339777,0.28082314036250894,0.07304120524493968,0.07427605691027933,0.10925771716508922,0.27972818836972063,0.12676532622866077,0.3201402673398815,0.16952624026941082,0.29042789820210096,0.26376848933574115,0.25399745069602975,0.08367532774547719,0.05347514708091604,0.2514787339527318,0.29461892798191514,0.19638113665221665,0.28284237377343446,0.2794694271776005,0.1476009883268139,0.1618987024084483,0.21487905871431134,0.21477886274749158,0.30113803530728556,0.3547460545732,0.29086629949397885,0.27596571093833255
0.05226209035614872,0.6004535428974296,0.491714118183523,0.06123194426221921,0.0528368936339777,0.0,0.053213031293994226,0.6649188968260609,0.6423513223312565,0.5321255657069214,0.05293746589428663,0.5133934633472352,0.2546738206950668,0.39299127871965134,0.05133080888993701,0.06925551543760178,0.11417492278159495,0.6415616485604375,0.3906779857005677,0.27292242616575935,0.27080008373168357,0.4343627676024766,0.05234373235743166,0.06405674886147926,0.4233731478240958,0.45968788582752224,0.3687726698601981,0.20487266739988638,0.056782307086867614,0.1613793610239205,0.05361990611571485,0.05194419004186103
0.27655497705709464,0.06138817631883288,0.14990049358388516,0.27451715472070426,0.28082314036250894,0.053213031293994226,0.0,0.07432883664537947,0.07555113037935406,0.10903412389904303,0.2739572115803551,0.12644632582842,0.3161087469744323,0.16643743631547742,0.28469228026337773,0.2579352009462409,0.24885406803088828,0.08434754320422706,0.05311282760346942,0.24830160496010636,0.29091940768979835,0.19448662292012167,0.2766963829198796,0.27327809492340477,0.145895122973612,0.1597166153543813,0.21320116645268805,0.2108547054051201,0.2959042235035963,0.349751032086454,0.2851604728341001,0.2701158390766045
0.07320875896585025,0.6155153303262896,0.4815449634713522,0.0829712014606169,0.07304120524493968,0.6649188968260609,0.07432883664537947,0.0,0.6505787039927781,0.5328024029223613,0.07387802457904301,0.5168919916957846,0.27316986847140634,0.37943223322884334,0.0718654403973791,0.08998788666677733,0.13376774168651392,0.6479584340786317,0.37542096902511785,0.27455926408954695,0.2839650481761467,0.4316180349243199,0.07319145956036718,0.08471331253550411,0.42022441062916405,0.44684262125286806,0.38301038457507874,0.21534472007783986,0.07697751719221943,0.18322583009113336,0.07372300107901189,0.07292325620659375
0.07501546507973873,0.5988707784970873,0.4452827130572706,0.08511262090411434,0.07427605691027933,0.6423513223312565,0.07555113037935406,0.6505787039927781,0.0,0.536029070404044,0.07499586753324881,0.4978339207988803,0.2786610975425397,0.37464141683098806,0.0729907144366018,0.09191300429278865,0.13598036745726708,0.6174917185838401,0.389366194889538,0.2878546014229118,0.28321976131863064,0.43853998360358776,0.07434043168818351,0.08615709740047124,0.42404609933838516,0.4231134969153571,0.3971807084729909,0.2326504199739951,0.07869371767577951,0.1871301933390473,0.07507085630791402,0.07422404304151001
0.10950873080354145,0.48866709053059065,0.41452112710079575,0.11810862174525996,0.10925771716508922,0.5321255657069214,0.10903412389904303,0.5328024029223613,0.536029070404044,0.0,0.10826180949404891,0.44548589690702484,0.2983384410167628,0.3661991969263327,0.1082780925548019,0.12275938555475459,0.1639105904403821,0.5169378547852742,0.3334105817659838,0.29817039487578034,0.3010182300729147,0.41700387116215654,0.10815272543978441,0.12017511691380442,0.3920574182812278,0.4053084825243114,0.37644359136583044,0.23849718555126315,0.11574171984456554,0.22100201368535163,0.11097106394289434,0.10705896316857864
0.27550499654012706,0.06089926457059556,0.14929153283030583,0.2735343314125037,0.27972818836972063,0.05293746589428663,0.2739572115803551,0.07387802457904301,0.07499586753324881,0.10826180949404891,0.0,0.12570001713827816,0.31571022981132557,0.16539194286462428,0.28365174272108495,0.2567721540597936,0.2478125591988115,0.08394273515112124,0.052263623240590945,0.24739384197247033,0.2902954691816169,0.1936780415193775,0.27554707149105606,0.2722869823181551,0.14494057736907637,0.15885790141681,0.21239869761920918,0.2096437910599748,0.2949251406366902,0.34937738416953057,0.28411049936331956,0.26903667135582826
0.12686491920447343,0.4722213154321504,0.43421220847170744,0.13543306748004555,0.12676532622866077,0.5133934633472352,0.12644632582842,0.5168919916957846,0.4978339207988803,0.44548589690702484,0.12570001713827816,0.0,0.29767611461052945,0.3679115455846415,0.12591999178076374,0.13983675457259814,0.18057224201051714,0.5070808683819783,0.3174863589287617,0.2886421282747382,0.3087579142339327,0.3989035093367659,0.12570803136302516,0.13788880201590675,0.37911151030687623,0.4186698786742852,0.3560201705061058,0.2362578064923125,0.1335649414474431,0.2327530081213181,0.12860810035126696,0.12423022344187601
0.31846773072243006,0.2560739070050044,0.3005059381275226,0.3176500353497448,0.3201402673398815,0.2546738206950668,0.3161087469744323,0.27316986847140634,0.2786610975425397,0.2983384410167628,0.31571022981132557,0.29767611461052945,0.0,0.31863351124326894,0.32122845987123194,0.3142808088696657,0.3211714068946936,0.2715905225558117,0.23649504212501138,0.35522614544377673,0.36971342905775734,0.3518414596293114,0.31767788730110763,0.32037086302531514,0.31395445496021734,0.3132606835892404,0.3542295565961538,0.32645849383463404,0.32860743725086417,0.3665328122025425,0.322964780199897,0.3133614120851968
0.1668668716053422,0.34940482256391503,0.3766900019470891,0.17472059315461672,0.16952624026941082,0.39299127871965134,0.16643743631547742,0.37943223322884334,0.37464141683098806,0.3661991969263327,0.16539194286462428,0.3679115455846415,0.31863351124326894,0.0,0.16884197366274903,0.17569178727310672,0.21358097571817167,0.3833078545377687,0.2552061110743409,0.31710581062665955,0.3287868684040751,0.3730210339220182,0.16591201949166995,0.17840762028608786,0.34791517515147263,0.38028759101332166,0.3279198822429079,0.259694769898068,0.17943211528651246,0.2726126413651575,0.17264322057031847,0.1629422719792298
0.2863722132091734,0.05942159432110105,0.15047047049459256,0.2836916501564748,0.29042789820210096,0.05133080888993701,0.28469228026337773,0.0718654403973791,0.0729907144366018,0.1082780925548019,0.28365174272108495,0.12591999178076374,0.32122845987123194,0.16884197366274903,0.0,0.26652351161504745,0.2558036293621665,0.08242537549152466,0.05275986742722646,0.2519705445294219,0.29556085847256774,0.1957062550246902,0.2864271626278703,0.2824162230907634,0.14692798667619364,0.16110619390237801,0.21490872641387532,0.21564669932923422,0.30525746823847716,0.3570881914299772,0.2946825610131288,0.27976071627921223
0.2600493836247064,0.07592982573751768,0.16189263293132689,0.25989591956782254,0.26376848933574115,0.06925551543760178,0.2579352009462409,0.08998788666677733,0.09191300429278865,0.12275938555475459,0.2567721540597936,0.13983675457259814,0.3142808088696657,0.17569178727310672,0.26652351161504745,0.0,0.24595061727937362,0.10004530524828109,0.06336245546289451,0.25150746423841097,0.2920160735320828,0.204709379874227,0.26016394080476146,0.26261638246770946,0.15642192371191713,0.1704069575520868,0.2201439780787874,0.21171609337067665,0.278367330080137,0.3387656085834682,0.26825061878313833,0.2532365652064296
0.2506251705068863,0.11730609721980267,0.20137964076838666,0.25265033599428577,0.25399745069602975,0.11417492278159495,0.24885406803088828,0.13376774168651392,0.13598036745726708,0.1639105904403821,0.2478125591988115,0.18057224201051714,0.3211714068946936,0.21358097571817167,0.2558036293621665,0.24595061727937362,0.0,0.14310568359366327,0.09650653558347876,0.2708540881482943,0.3066518159710775,0.23827259240417395,0.2506263588734329,0.25748330403810604,0.19286209387208766,0.20955804275768525,0.2456299534369748,0.22945576061000536,0.26743402478369027,0.33172276196882244,0.258132499874773,0.24450165319591802
0.08393868955572616,0.5886381679924079,0.48416934348060586,0.09307077399164684,0.08367532774547719,0.6415616485604375,0.08434754320422706,0.6479584340786317,0.6174917185838401,0.5169378547852742,0.08394273515112124,0.5070808683819783,0.2715905225558117,0.3833078545377687,0.08242537549152466,0.10004530524828109,0.14310568359366327,0.0,0.38849476204232825,0.2749402346208577,0.285793875997532,0.42511079717204125,0.08342779478792373,0.09518917774266565,0.4143018475917633,0.4490316558473657,0.3707734558114141,0.2204489912557209,0.08817993751064082,0.18868461851709165,0.08461538042728113,0.08286553318102816
0.05336810289780231,0.3362542976537663,0.31146268039713126,0.06148922602606619,0.05347514708091604,0.3906779857005677,0.05311282760346942,0.37542096902511785,0.389366194889538,0.3334105817659838,0.052263623240590945,0.3174863589287617,0.23649504212501138,0.2552061110743409,0.05275986742722646,0.06336245546289451,0.09650653558347876,0.38849476204232825,0.0,0.22433279129076017,0.23163088901234677,0.3171913269467908,0.05198838454005596,0.06181635941995684,0.2829683937447828,0.2949239463079853,0.27335684175483205,0.1511774274495963,0.05978373791487863,0.17679557464244047,0.05541965357787774,0.05156083749281679
0.24943192420475996,0.2544475332109994,0.28379676192279024,0.2539931855848073,0.2514787339527318,0.27292242616575935,0.24830160496010636,0.27455926408954695,0.2878546014229118,0.29817039487578034,0.24739384197247033,0.2886421282747382,0.35522614544377673,0.31710581062665955,0.2519705445294219,0.25150746423841097,0.2708540881482943,0.2749402346208577,0.22433279129076017,0.0,0.33942734148394627,0.34484166846962333,0.24840557416009104,0.2559652921996966,0.3065108938561342,0.3016968022764119,0.3367660725174319,0.30345356142564944,0.26132540799027376,0.3286349184643853,0.2544844424937997,0.24506283158705836
0.2934321023822339,0.2635482350138312,0.32361143100800316,0.2941018608897611,0.29461892798191514,0.27080008373168357,0.29091940768979835,0.2839650481761467,0.28321976131863064,0.3010182300729147,0.2902954691816169,0.3087579142339327,0.36971342905775734,0.3287868684040751,0.29556085847256774,0.2920160735320828,0.3066518159710775,0.285793875997532,0.23163088901234677,0.33942734148394627,0.0,0.3488068148370967,0.29245086067201875,0.2983352794468352,0.3146851765360809,0.33047732564325055,0.34102807962342263,0.30518980804035767,0.3034507407827722,0.3507486111943645,0.29760610152794986,0.2876799920297001
0.19552738052025612,0.4033230805674816,0.38429083882424264,0.20243577287765552,0.19638113665221665,0.4343627676024766,0.19448662292012167,0.4316180349243199,0.43853998360358776,0.41700387116215654,0.1936780415193775,0.3989035093367659,0.3518414596293114,0.3730210339220182,0.1957062550246902,0.204709379874227,0.23827259240417395,0.42511079717204125,0.3171913269467908,0.34484166846962333,0.3488068148370967,0.0,0.19400632608407734,0.2049812130983596,0.3817539296390049,0.390890922557227,0.38944616206636073,0.2936178821499763,0.2046254120892034,0.29108130738761623,0.19883958247955227,0.19179149594080655
0.278659963377432,0.06052425653631628,0.1496054128206193,0.27641875176783415,0.28284237377343446,0.05234373235743166,0.2766963829198796,0.07319145956036718,0.07434043168818351,0.10815272543978441,0.27554707149105606,0.12570803136302516,0.31767788730110763,0.16591201949166995,0.2864271626278703,0.26016394080476146,0.2506263588734329,0.08342779478792373,0.05198838454005596,0.24840557416009104,0.29245086067201875,0.19400632608407734,0.0,0.2760324586552292,0.14508057724653778,0.15938720394176797,0.21314220368845213,0.21066444399140713,0.2977958239083535,0.3516213979935165,0.28739445939190045,0.2716801901641438
0.27561419102982315,0.07168226074040969,0.16206790710518595,0.2741935959794569,0.2794694271776005,0.06405674886147926,0.27327809492340477,0.08471331253550411,0.08615709740047124,0.12017511691380442,0.2722869823181551,0.13788880201590675,0.32037086302531514,0.17840762028608786,0.2824162230907634,0.26261638246770946,0.25748330403810604,0.09518917774266565,0.06181635941995684,0.2559652921996966,0.2983352794468352,0.2049812130983596,0.2760324586552292,0.0,0.15640665787666758,0.17187905209956775,0.2213733607511962,0.21694031016465512,0.2938566443662001,0.3485738911998648,0.283922097329966,0.26849417430360606
0.1469127108136779,0.38443065522983355,0.3687331358727219,0.15460189386808457,0.1476009883268139,0.4233731478240958,0.145895122973612,0.42022441062916405,0.42404609933838516,0.3920574182812278,0.14494057736907637,0.37911151030687623,0.31395445496021734,0.34791517515147263,0.14692798667619364,0.15642192371191713,0.19286209387208766,0.4143018475917633,0.2829683937447828,0.3065108938561342,0.3146851765360809,0.3817539296390049,0.14508057724653778,0.15640665787666758,0.0,0.365140080214834,0.34843122921873476,0.25323308005391215,0.15645248383817162,0.2566325910459292,0.1503238946275638,0.14314875165045549
0.1600491902339726,0.41118360412632343,0.4353575493741286,0.16798727388373827,0.1618987024084483,0.45968788582752224,0.1597166153543813,0.44684262125286806,0.4231134969153571,0.4053084825243114,0.15885790141681,0.4186698786742852,0.3132606835892404,0.38028759101332166,0.16110619390237801,0.1704069575520868,0.20955804275768525,0.4490316558473657,0.2949239463079853,0.3016968022764119,0.33047732564325055,0.390890922557227,0.15938720394176797,0.17187905209956775,0.365140080214834,0.0,0.3398919535076188,0.24460098193971636,0.170372736660653,0.25975278603417457,0.1645349937259016,0.15663874437267652
0.21421330731915764,0.35449004925323774,0.3324506672379238,0.21955386072642832,0.21487905871431134,0.3687726698601981,0.21320116645268805,0.38301038457507874,0.3971807084729909,0.37644359136583044,0.21239869761920918,0.3560201705061058,0.3542295565961538,0.3279198822429079,0.21490872641387532,0.2201439780787874,0.2456299534369748,0.3707734558114141,0.27335684175483205,0.3367660725174319,0.34102807962342263,0.38944616206636073,0.21314220368845213,0.2213733607511962,0.34843122921873476,0.3398919535076188,0.0,0.28945404469001423,0.22312246503122626,0.3013004434145998,0.21722703604713087,0.21065751623450168
0.21180648754929643,0.19452222215414522,0.22986641808239092,0.21663415686045562,0.21477886274749158,0.20487266739988638,0.2108547054051201,0.21534472007783986,0.2326504199739951,0.23849718555126315,0.2096437910599748,0.2362578064923125,0.32645849383463404,0.259694769898068,0.21564669932923422,0.21171609337067665,0.22945576061000536,0.2204489912557209,0.1511774274495963,0.30345356142564944,0.30518980804035767,0.2936178821499763,0.21066444399140713,0.21694031016465512,0.25323308005391215,0.24460098193971636,0.28945404469001423,0.0,0.22690766424779088,0.3088950173154952,0.21844637736098,0.20708250477761836
0.2976424435926927,0.06455740768755658,0.1594476862433418,0.29493293263553794,0.30113803530728556,0.056782307086867614,0.2959042235035963,0.07697751719221943,0.07869371767577951,0.11574171984456554,0.2949251406366902,0.1335649414474431,0.32860743725086417,0.17943211528651246,0.30525746823847716,0.278367330080137,0.26743402478369027,0.08817993751064082,0.05978373791487863,0.26132540799027376,0.3034507407827722,0.2046254120892034,0.2977958239083535,0.2938566443662001,0.15645248383817162,0.170372736660653,0.22312246503122626,0.22690766424779088,0.0,0.3640503819675126,0.3050464804655586,0.2912243812996815
0.3522528333737112,0.1706749148313279,0.25019128690493586,0.34753072597181706,0.3547460545732,0.1613793610239205,0.349751032086454,0.18322583009113336,0.1871301933390473,0.22100201368535163,0.34937738416953057,0.2327530081213181,0.3665328122025425,0.2726126413651575,0.3570881914299772,0.3387656085834682,0.33172276196882244,0.18868461851709165,0.17679557464244047,0.3286349184643853,0.3507486111943645,0.29108130738761623,0.3516213979935165,0.3485738911998648,0.2566325910459292,0.25975278603417457,0.3013004434145998,0.3088950173154952,0.3640503819675126,0.0,0.35786102914986334,0.34653641250059664
0.28722255790257323,0.06124016418142663,0.15376628491986236,0.2846937480383415,0.29086629949397885,0.05361990611571485,0.2851604728341001,0.07372300107901189,0.07507085630791402,0.11097106394289434,0.28411049936331956,0.12860810035126696,0.322964780199897,0.17264322057031847,0.2946825610131288,0.26825061878313833,0.258132499874773,0.08461538042728113,0.05541965357787774,0.2544844424937997,0.29760610152794986,0.19883958247955227,0.28739445939190045,0.283922097329966,0.1503238946275638,0.1645349937259016,0.21722703604713087,0.21844637736098,0.3050464804655586,0.35786102914986334,0.0,0.280340951896249
0.2716501685291842,0.06004804899557709,0.1469182380054037,0.2697730166019788,0.27596571093833255,0.05194419004186103,0.2701158390766045,0.07292325620659375,0.07422404304151001,0.10705896316857864,0.26903667135582826,0.12423022344187601,0.3133614120851968,0.1629422719792298,0.27976071627921223,0.2532365652064296,0.24450165319591802,0.08286553318102816,0.05156083749281679,0.24506283158705836,0.2876799920297001,0.19179149594080655,0.2716801901641438,0.26849417430360606,0.14314875165045549,0.15663874437267652,0.21065751623450168,0.20708250477761836,0.2912243812996815,0.34653641250059664,0.280340951896249,0.0
